trade_id,entry_time,exit_time,signal_kind,exit_reason,exit_group,net_pnl,entry_price,exit_price,target_points_used,implied_target_price,holding_seconds,path_len,post_exit_best_recovery,post_exit_worst_drawdown,post_exit_final_delta_15s,post_exit_recovered_above_exit,would_hit_implied_target_within_15s,target_hit_second_after_exit,post_exit_best_ltp,post_exit_worst_ltp,delta_seq_1_15
20260323T092500|BFO:SENSEX26MAR73400PE|CONTINUATION_PUT|PUT,2026-03-23T09:25:00.958541,2026-03-23T09:25:04.253297,CONTINUATION_PUT,TARGET_HIT,TARGET_HIT,1500.0,982.25,985.25,3.0,985.25,3.294756,15,-1.5499999999999545,-22.25,-11.850000000000023,False,False,,983.7,963.0,1:-5.9 2:-6.45 3:-9.1 4:-1.55 5:-8.35 6:-4.7 7:-8.3 8:-12.55 9:-14.9 10:-12.2 11:-12.2 12:-19.55 13:-22.25 14:-21.65 15:-11.85
20260323T093001|BFO:SENSEX26MAR73000CE|CONTINUATION_CALL|CALL,2026-03-23T09:30:01.204575,2026-03-23T09:30:12.385176,CONTINUATION_CALL,TARGET_HIT,TARGET_HIT,1000.0,1013.1,1015.1,2.0,1015.1,11.180601,15,20.050000000000068,3.5,7.600000000000023,True,True,1,1035.15,1018.6,1:5.85 2:3.5 3:10.4 4:9.6 5:8.8 6:12.35 7:12.1 8:11.35 9:20.05 10:18.5 11:18.5 12:19.25 13:8.5 14:8.4 15:7.6
20260323T093522|BFO:SENSEX26MAR73100CE|CONTINUATION_CALL|CALL,2026-03-23T09:35:23.166949,2026-03-23T09:35:24.255468,CONTINUATION_CALL,TARGET_HIT,TARGET_HIT,1500.0,987.3,990.3,3.0,990.3,1.088519,15,19.700000000000045,3.7000000000000455,16.25,True,True,1,1010.0,994.0,1:9.7 2:9.55 3:7.15 4:3.7 5:5.4 6:15.55 7:17.25 8:17.25 9:17.25 10:19.7 11:18.75 12:18.75 13:17.9 14:13.3 15:16.25
20260323T094025|BFO:SENSEX26MAR73500PE|REVERSAL_PUT|PUT,2026-03-23T09:40:25.810571,2026-03-23T09:40:26.903129,REVERSAL_PUT,TARGET_HIT,TARGET_HIT,1500.0,1010.4,1013.4,3.0,1013.4,1.092558,15,8.600000000000023,-3.25,8.600000000000023,True,True,1,1022.0,1010.15,1:0.55 2:-2.55 3:-3.25 4:3.05 5:1.4 6:4.6 7:5.75 8:7.1 9:7.2 10:6.6 11:3.2 12:3.2 13:5.9 14:4.35 15:8.6
20260323T094503|BFO:SENSEX26MAR73400PE|CONTINUATION_PUT|PUT,2026-03-23T09:45:03.737347,2026-03-23T09:45:04.835998,CONTINUATION_PUT,TARGET_HIT,TARGET_HIT,1500.0,971.3,974.3,3.0,974.3,1.098651,15,7.900000000000091,0.8000000000000682,4.25,True,True,1,982.2,975.1,1:5.15 2:3.6 3:0.8 4:6.55 5:7.9 6:7.9 7:7.9 8:7.25 9:5.65 10:7.9 11:7.9 12:6.1 13:1.2 14:1.2 15:4.25
20260323T095005|BFO:SENSEX26MAR73300PE|CONTINUATION_PUT|PUT,2026-03-23T09:50:05.868612,2026-03-23T09:50:08.166636,CONTINUATION_PUT,TARGET_HIT,TARGET_HIT,1500.0,994.1,997.1,3.0,997.1,2.298024,15,-1.4500000000000455,-11.550000000000068,-1.4500000000000455,False,False,,995.65,985.55,1:-4.55 2:-11.55 3:-7.45 4:-4.65 5:-6.65 6:-1.75 7:-2.55 8:-2.9 9:-2.85 10:-4.2 11:-4.65 12:-4.65 13:-4.65 14:-2.2 15:-1.45
20260323T095503|BFO:SENSEX26MAR73200PE|CONTINUATION_PUT|PUT,2026-03-23T09:55:03.344710,2026-03-23T09:55:11.271887,CONTINUATION_PUT,HARD_STOP_EXIT,STOP_EXIT,-5500.000000000056,1024.15,1013.15,2.0,1026.15,7.927177,15,10.600000000000023,-1.2999999999999545,5.550000000000068,True,False,,1023.75,1011.85,1:0.25 2:-1.3 3:3.2 4:3.05 5:6.85 6:7.95 7:10.6 8:9.0 9:9.0 10:7.9 11:6.1 12:8.05 13:9.7 14:4.3 15:5.55
20260323T100001|BFO:SENSEX26MAR73100PE|CONTINUATION_PUT|PUT,2026-03-23T10:00:01.824916,2026-03-23T10:00:04.013854,CONTINUATION_PUT,TARGET_HIT,TARGET_HIT,1500.0,1018.05,1021.05,3.0,1021.05,2.188938,15,27.850000000000136,0.75,26.200000000000045,True,True,1,1048.9,1021.8,1:4.75 2:0.75 3:8.2 4:12.15 5:16.25 6:15.8 7:13.95 8:9.85 9:11.0 10:15.25 11:22.5 12:22.5 13:27.85 14:27.85 15:26.2
20260323T100508|BFO:SENSEX26MAR72800CE|CONTINUATION_CALL|CALL,2026-03-23T10:05:08.472916,2026-03-23T10:05:12.856043,CONTINUATION_CALL,TARGET_HIT,TARGET_HIT,1500.0,1024.35,1027.35,3.0,1027.35,4.383127,15,3.25,-3.0499999999999545,1.800000000000182,True,True,2,1030.6,1024.3,1:-3.05 2:0.1 3:1.0 4:1.6 5:1.6 6:1.65 7:1.55 8:1.55 9:1.55 10:-1.05 11:-1.05 12:1.65 13:2.65 14:3.25 15:1.8
20260323T101001|BFO:SENSEX26MAR72800CE|CONTINUATION_CALL|CALL,2026-03-23T10:10:01.667129,2026-03-23T10:10:02.795892,CONTINUATION_CALL,TARGET_HIT,TARGET_HIT,1500.0,1022.0,1025.0,3.0,1025.0,1.128763,15,-0.5,-12.799999999999955,-12.700000000000045,False,False,,1024.5,1012.2,1:-1.65 2:-1.65 3:-0.5 4:-0.5 5:-9.0 6:-9.9 7:-9.55 8:-12.8 9:-12.8 10:-12.8 11:-12.8 12:-12.8 13:-12.7 14:-12.7 15:-12.7
20260323T101515|BFO:SENSEX26MAR73000PE|CONTINUATION_PUT|PUT,2026-03-23T10:15:15.328800,2026-03-23T10:15:18.674387,CONTINUATION_PUT,TARGET_HIT,TARGET_HIT,1500.0,1018.65,1021.65,3.0,1021.65,3.345587,15,6.899999999999977,-3.6000000000000227,5.800000000000068,True,True,2,1028.55,1018.05,1:-1.45 2:1.7 3:2.05 4:-3.6 5:-0.55 6:1.7 7:0.85 8:1.6 9:1.6 10:-0.65 11:0.9 12:3.35 13:2.35 14:6.9 15:5.8
20260323T102000|BFO:SENSEX26MAR73000PE|CONTINUATION_PUT|PUT,2026-03-23T10:20:00.550306,2026-03-23T10:20:07.140143,CONTINUATION_PUT,TARGET_HIT,TARGET_HIT,1500.0,1059.0,1062.0,3.0,1062.0,6.589837,15,-0.7999999999999545,-18.299999999999955,-9.25,False,False,,1061.2,1043.7,1:-0.8 2:-3.0 3:-9.25 4:-11.7 5:-18.3 6:-15.7 7:-12.8 8:-9.55 9:-16.05 10:-12.9 11:-16.0 12:-16.0 13:-16.2 14:-13.25 15:-9.25
20260323T102512|BFO:SENSEX26MAR72900PE|CONTINUATION_PUT|PUT,2026-03-23T10:25:12.944728,2026-03-23T10:25:20.112710,CONTINUATION_PUT,TARGET_HIT,TARGET_HIT,1500.0,1023.2,1026.2,3.0,1026.2,7.167982,15,1.9500000000000455,-12.200000000000045,-10.75,True,True,1,1028.15,1014.0,1:0.2 2:-1.35 3:1.15 4:1.95 5:-1.35 6:-4.5 7:-4.5 8:-7.95 9:-7.05 10:-11.8 11:-11.8 12:-12.15 13:-12.15 14:-12.2 15:-10.75
20260323T103038|BFO:SENSEX26MAR72500CE|REVERSAL_CALL|CALL,2026-03-23T10:30:38.566813,2026-03-23T10:31:08.461263,REVERSAL_CALL,TARGET_HIT,TARGET_HIT,1000.0,1112.0,1114.0,2.0,1114.0,29.89445,15,6.650000000000091,3.0499999999999545,3.0499999999999545,True,True,1,1120.65,1117.05,1:6.65 2:4.35 3:4.35 4:4.35 5:4.35 6:4.35 7:3.8 8:3.8 9:3.8 10:3.05 11:3.05 12:3.05 13:3.05 14:3.05 15:3.05
20260323T103512|BFO:SENSEX26MAR72500CE|CONTINUATION_CALL|CALL,2026-03-23T10:35:13.158415,2026-03-23T10:35:16.551204,CONTINUATION_CALL,HARD_STOP_EXIT,STOP_EXIT,-3625.0,1102.95,1095.7,3.0,1105.95,3.392789,15,8.649999999999864,-2.0,8.649999999999864,True,False,,1104.35,1093.7,1:2.15 2:2.3 3:2.3 4:2.3 5:-0.3 6:-0.3 7:-2.0 8:-2.0 9:-2.0 10:1.55 11:1.55 12:5.15 13:8.1 14:8.1 15:8.65
20260323T105002|BFO:SENSEX26MAR72900PE|CONTINUATION_PUT|PUT,2026-03-23T10:50:02.485104,2026-03-23T10:50:04.679630,CONTINUATION_PUT,TARGET_HIT,TARGET_HIT,1500.0,1009.05,1012.05,3.0,1012.05,2.194526,15,18.950000000000045,0.25,18.950000000000045,True,True,1,1031.0,1012.3,1:2.0 2:0.25 3:0.25 4:2.95 5:5.95 6:12.05 7:10.8 8:11.75 9:10.45 10:11.95 11:11.95 12:10.05 13:13.25 14:15.8 15:18.95
20260323T105516|BFO:SENSEX26MAR72900PE|CONTINUATION_PUT|PUT,2026-03-23T10:55:17.141074,2026-03-23T10:55:22.635145,CONTINUATION_PUT,TARGET_HIT,TARGET_HIT,1500.0,1049.65,1052.65,3.0,1052.65,5.494071,15,5.849999999999909,-3.0,2.7999999999999545,True,True,3,1058.5,1049.65,1:-3.0 2:-2.0 3:2.35 4:5.85 5:3.4 6:1.3 7:0.95 8:0.95 9:-3.0 10:-2.6 11:-2.6 12:-1.95 13:1.1 14:2.5 15:2.8
20260323T110003|BFO:SENSEX26MAR72500CE|CONTINUATION_CALL|CALL,2026-03-23T11:00:03.940447,2026-03-23T11:00:08.460240,CONTINUATION_CALL,HARD_STOP_EXIT,STOP_EXIT,-3350.0000000000227,1062.7,1056.0,3.0,1065.7,4.519793,15,-2.5499999999999545,-10.950000000000045,-8.900000000000091,False,False,,1053.45,1045.05,1:-2.55 2:-2.55 3:-9.0 4:-9.0 5:-9.0 6:-9.0 7:-9.0 8:-10.95 9:-8.5 10:-8.5 11:-8.5 12:-8.5 13:-8.9 14:-8.9 15:-8.9
20260323T110500|BFO:SENSEX26MAR72500CE|CONTINUATION_CALL|CALL,2026-03-23T11:05:00.328739,2026-03-23T11:05:07.100587,CONTINUATION_CALL,HARD_STOP_EXIT,STOP_EXIT,-4500.0,1080.0,1071.0,2.0,1082.0,6.771848,15,5.650000000000091,-1.900000000000091,5.650000000000091,True,False,,1076.65,1069.1,1:1.15 2:-1.9 3:-1.9 4:-1.6 5:-1.6 6:-1.45 7:-1.45 8:-1.45 9:-1.45 10:-1.45 11:-1.45 12:-1.0 13:5.65 14:5.65 15:5.65
20260323T111003|BFO:SENSEX26MAR72600CE|CONTINUATION_CALL|CALL,2026-03-23T11:10:04.116041,2026-03-23T11:10:22.086433,CONTINUATION_CALL,HARD_STOP_EXIT,STOP_EXIT,-3724.999999999909,1065.35,1057.9,2.0,1067.35,17.970392,15,6.5499999999999545,-0.900000000000091,3.849999999999909,True,False,,1064.45,1057.0,1:1.15 2:1.15 3:6.55 4:3.6 5:5.0 6:1.15 7:-0.9 8:-0.9 9:-0.9 10:-0.9 11:1.25 12:1.25 13:1.25 14:1.25 15:3.85
20260323T111512|BFO:SENSEX26MAR73000PE|CONTINUATION_PUT|PUT,2026-03-23T11:15:12.425126,2026-03-23T11:15:16.827607,CONTINUATION_PUT,TARGET_HIT,TARGET_HIT,1499.9999999999432,1023.85,1026.85,3.0,1026.85,4.402481,15,16.050000000000182,3.1000000000001364,15.350000000000136,True,True,1,1042.9,1029.95,1:3.2 2:3.1 3:4.05 4:4.05 5:5.1 6:11.0 7:11.0 8:16.05 9:15.5 10:15.5 11:10.9 12:13.75 13:15.75 14:15.8 15:15.35
20260323T112500|BFO:SENSEX26MAR72600CE|CONTINUATION_CALL|CALL,2026-03-23T11:25:01.224284,2026-03-23T11:25:33.344567,CONTINUATION_CALL,TARGET_HIT,TARGET_HIT,1000.0,1039.25,1041.25,2.0,1041.25,32.120283,15,2.5,0.650000000000091,0.650000000000091,True,True,1,1043.75,1041.9,1:1.2 2:1.2 3:2.4 4:2.4 5:2.5 6:2.5 7:2.5 8:2.5 9:2.5 10:2.5 11:2.5 12:0.65 13:0.65 14:0.65 15:0.65
20260323T113001|BFO:SENSEX26MAR72600CE|CONTINUATION_CALL|CALL,2026-03-23T11:30:01.669449,2026-03-23T11:30:09.350953,CONTINUATION_CALL,TARGET_HIT,TARGET_HIT,1000.0,1054.1,1056.1,2.0,1056.1,7.681504,15,-4.099999999999909,-13.799999999999955,-13.799999999999955,False,False,,1052.0,1042.3,1:-4.1 2:-4.1 3:-4.7 4:-5.75 5:-5.75 6:-5.75 7:-5.45 8:-8.0 9:-9.9 10:-9.55 11:-9.55 12:-13.8 13:-13.8 14:-13.8 15:-13.8
20260323T113500|BFO:SENSEX26MAR72900PE|CONTINUATION_PUT|PUT,2026-03-23T11:35:01.005159,2026-03-23T11:35:04.295234,CONTINUATION_PUT,TARGET_HIT,TARGET_HIT,1500.0,1004.05,1007.05,3.0,1007.05,3.290075,15,16.350000000000023,0.35000000000002274,13.25,True,True,1,1023.4,1007.4,1:1.55 2:0.35 3:2.95 4:2.95 5:1.5 6:6.5 7:8.6 8:6.6 9:12.9 10:10.5 11:10.5 12:16.35 13:16.25 14:14.3 15:13.25
20260323T114001|BFO:SENSEX26MAR72600CE|CONTINUATION_CALL|CALL,2026-03-23T11:40:01.210171,2026-03-23T11:40:02.317352,CONTINUATION_CALL,TARGET_HIT,TARGET_HIT,1500.0,1015.05,1018.05,3.0,1018.05,1.107181,15,0.7000000000000455,-6.0,-6.0,True,True,1,1018.75,1012.05,1:0.7 2:0.7 3:0.45 4:0.45 5:0.45 6:0.45 7:0.45 8:-0.35 9:-0.35 10:-2.25 11:-2.25 12:-2.25 13:-5.25 14:-5.05 15:-6.0
20260323T114503|BFO:SENSEX26MAR72900PE|CONTINUATION_PUT|PUT,2026-03-23T11:45:04.053991,2026-03-23T11:45:14.097200,CONTINUATION_PUT,HARD_STOP_EXIT,STOP_EXIT,-5175.000000000011,1032.5,1022.15,2.0,1034.5,10.043209,15,0.0,-13.350000000000023,-12.850000000000023,False,False,,1022.15,1008.8,1:0.0 2:-2.15 3:-6.05 4:-10.25 5:-8.0 6:-4.3 7:-8.05 8:-4.45 9:-7.15 10:-7.25 11:-7.25 12:-13.35 13:-13.35 14:-12.85 15:-12.85
20260323T115002|BFO:SENSEX26MAR72500CE|CONTINUATION_CALL|CALL,2026-03-23T11:50:02.649504,2026-03-23T11:50:14.943473,CONTINUATION_CALL,HARD_STOP_EXIT,STOP_EXIT,-4649.999999999977,1067.35,1058.05,2.0,1069.35,12.293969,15,0.0,-1.099999999999909,-1.099999999999909,False,False,,1058.05,1056.95,1:0.0 2:0.0 3:0.0 4:0.0 5:0.0 6:0.0 7:0.0 8:0.0 9:0.0 10:0.0 11:0.0 12:-1.1 13:-1.1 14:-1.1 15:-1.1
20260323T115509|BFO:SENSEX26MAR72600CE|CONTINUATION_CALL|CALL,2026-03-23T11:55:09.228023,2026-03-23T11:55:19.197613,CONTINUATION_CALL,TARGET_HIT,TARGET_HIT,1500.0,1038.0,1041.0,3.0,1041.0,9.96959,15,3.75,-7.7000000000000455,-7.7000000000000455,True,True,1,1044.75,1033.3,1:1.0 2:3.75 3:0.65 4:-1.45 5:-1.45 6:-1.45 7:-1.45 8:-6.9 9:-6.9 10:-7.7 11:-7.7 12:-7.7 13:-7.7 14:-7.7 15:-7.7
20260323T120003|BFO:SENSEX26MAR72600CE|REVERSAL_CALL|CALL,2026-03-23T12:00:03.340572,2026-03-23T12:00:13.670383,REVERSAL_CALL,EARLY_RISK_EXIT,STOP_EXIT,-3549.9999999999545,1041.6,1034.5,2.0,1043.6,10.329811,15,1.7000000000000455,-1.400000000000091,-1.2000000000000455,True,False,,1036.2,1033.1,1:-1.4 2:-1.4 3:-1.4 4:-1.4 5:-1.4 6:-1.4 7:-1.4 8:1.7 9:1.7 10:1.45 11:1.5 12:1.5 13:1.5 14:-1.2 15:-1.2
20260323T120501|BFO:SENSEX26MAR73000PE|CONTINUATION_PUT|PUT,2026-03-23T12:05:01.403353,2026-03-23T12:05:06.972236,CONTINUATION_PUT,TARGET_HIT,TARGET_HIT,1500.0,1029.55,1032.55,3.0,1032.55,5.568883,15,5.7000000000000455,0.2999999999999545,2.5499999999999545,True,True,1,1038.25,1032.85,1:0.4 2:0.3 3:3.45 4:3.05 5:3.15 6:2.45 7:2.45 8:2.45 9:4.25 10:3.85 11:3.85 12:3.45 13:5.7 14:2.1 15:2.55
20260323T121002|BFO:SENSEX26MAR73000PE|CONTINUATION_PUT|PUT,2026-03-23T12:10:02.394844,2026-03-23T12:10:11.860909,CONTINUATION_PUT,HARD_STOP_EXIT,STOP_EXIT,-5375.0,1034.55,1023.8,2.0,1036.55,9.466065,15,-2.2999999999999545,-12.25,-11.149999999999977,False,False,,1021.5,1011.55,1:-2.9 2:-2.3 3:-3.1 4:-7.65 5:-6.8 6:-8.45 7:-8.0 8:-9.8 9:-9.5 10:-9.5 11:-12.1 12:-10.25 13:-10.3 14:-12.25 15:-11.15
20260323T122026|BFO:SENSEX26MAR72900PE|REVERSAL_PUT|PUT,2026-03-23T12:20:26.553383,2026-03-23T12:23:32.963592,REVERSAL_PUT,TARGET_HIT,TARGET_HIT,1500.0,1046.75,1049.75,3.0,1049.75,186.410209,15,17.34999999999991,-1.900000000000091,17.34999999999991,True,True,1,1067.1,1047.85,1:2.9 2:2.9 3:2.9 4:-1.9 5:-1.9 6:4.2 7:9.2 8:7.2 9:7.2 10:12.15 11:10.35 12:15.95 13:15.95 14:17.35 15:17.35
20260323T122516|BFO:SENSEX26MAR72800PE|CONTINUATION_PUT|PUT,2026-03-23T12:25:16.956135,2026-03-23T12:25:18.041781,CONTINUATION_PUT,TARGET_HIT,TARGET_HIT,1500.0,1080.8,1083.8,3.0,1083.8,1.085646,15,5.400000000000091,-16.399999999999864,-9.450000000000045,True,True,1,1089.2,1067.4,1:1.2 2:3.55 3:5.1 4:0.85 5:5.4 6:-8.35 7:-6.85 8:-16.4 9:-13.35 10:-10.1 11:-8.3 12:-8.3 13:-4.15 14:-2.9 15:-9.45
20260323T123000|BFO:SENSEX26MAR72500CE|CONTINUATION_CALL|CALL,2026-03-23T12:30:00.315521,2026-03-23T12:30:02.603707,CONTINUATION_CALL,HARD_STOP_EXIT,STOP_EXIT,-3750.0,1050.85,1043.35,3.0,1053.85,2.288186,15,9.400000000000091,3.300000000000182,9.300000000000182,True,False,,1052.75,1046.65,1:4.2 2:4.2 3:4.7 4:8.4 5:4.05 6:3.3 7:4.45 8:4.45 9:9.4 10:9.4 11:9.4 12:9.4 13:9.4 14:6.95 15:9.3
20260323T124004|BFO:SENSEX26MAR72500CE|CONTINUATION_CALL|CALL,2026-03-23T12:40:04.525304,2026-03-23T12:40:11.461965,CONTINUATION_CALL,TARGET_HIT,TARGET_HIT,1500.0,1088.15,1091.15,3.0,1091.15,6.936661,15,7.899999999999864,0.3999999999998636,0.3999999999998636,True,True,1,1099.05,1091.55,1:7.9 2:0.7 3:2.15 4:3.8 5:6.45 6:6.2 7:6.2 8:5.0 9:1.8 10:1.8 11:1.8 12:1.8 13:1.8 14:1.8 15:0.4
20260323T125034|BFO:SENSEX26MAR72900PE|REVERSAL_PUT|PUT,2026-03-23T12:50:35.015561,2026-03-23T12:50:37.257929,REVERSAL_PUT,TARGET_HIT,TARGET_HIT,1500.0,1015.0,1018.0,3.0,1018.0,2.242368,15,12.0,5.399999999999977,5.399999999999977,True,True,1,1030.0,1023.4,1:9.25 2:6.45 3:10.65 4:12.0 5:11.95 6:10.8 7:10.6 8:9.35 9:9.35 10:9.55 11:9.55 12:9.55 13:7.95 14:9.25 15:5.4
20260323T125512|BFO:SENSEX26MAR72900PE|CONTINUATION_PUT|PUT,2026-03-23T12:55:12.343790,2026-03-23T12:55:15.715893,CONTINUATION_PUT,TARGET_HIT,TARGET_HIT,1500.0,1077.3,1080.3,3.0,1080.3,3.372103,15,12.200000000000045,1.4500000000000455,4.2000000000000455,True,True,1,1092.5,1081.75,1:1.45 2:1.45 3:10.7 4:8.4 5:12.2 6:10.1 7:11.9 8:11.15 9:9.5 10:8.8 11:8.8 12:10.75 13:10.8 14:11.95 15:4.2
20260323T130003|BFO:SENSEX26MAR72800PE|CONTINUATION_PUT|PUT,2026-03-23T13:00:03.539395,2026-03-23T13:00:04.696332,CONTINUATION_PUT,TARGET_HIT,TARGET_HIT,1500.0,1033.6,1036.6,3.0,1036.6,1.156937,15,20.65000000000009,5.550000000000182,12.150000000000091,True,True,1,1057.25,1042.15,1:5.55 2:10.95 3:10.5 4:10.5 5:10.8 6:17.0 7:20.65 8:16.35 9:19.35 10:19.35 11:19.6 12:14.85 13:13.15 14:12.35 15:12.15
20260323T130512|BFO:SENSEX26MAR72800PE|CONTINUATION_PUT|PUT,2026-03-23T13:05:12.856236,2026-03-23T13:05:15.076404,CONTINUATION_PUT,TARGET_HIT,TARGET_HIT,1500.0,1063.9,1066.9,3.0,1066.9,2.220168,15,13.099999999999909,-0.3500000000001364,7.2999999999999545,True,True,1,1080.0,1066.55,1:5.1 2:5.8 3:11.1 4:12.4 5:10.6 6:8.4 7:12.3 8:9.9 9:13.1 10:3.1 11:0.35 12:0.35 13:-0.35 14:5.25 15:7.3
20260323T131026|BFO:SENSEX26MAR72400CE|CONTINUATION_CALL|CALL,2026-03-23T13:10:26.676809,2026-03-23T13:10:37.784060,CONTINUATION_CALL,EARLY_RISK_EXIT,STOP_EXIT,-2324.999999999932,1094.1,1089.45,2.0,1096.1,11.107251,15,0.0,-4.350000000000136,-2.5499999999999545,False,False,,1089.45,1085.1,1:0.0 2:0.0 3:0.0 4:0.0 5:0.0 6:-4.35 7:-4.35 8:-4.05 9:-4.05 10:-4.05 11:-4.05 12:-4.05 13:-4.05 14:-2.55 15:-2.55
20260323T131504|BFO:SENSEX26MAR72400CE|REVERSAL_CALL|CALL,2026-03-23T13:15:04.567866,2026-03-23T13:15:06.844802,REVERSAL_CALL,TARGET_HIT,TARGET_HIT,1500.0,1100.6,1103.6,3.0,1103.6,2.276936,15,13.200000000000045,1.400000000000091,9.75,True,True,1,1116.8,1105.0,1:1.4 2:1.4 3:6.4 4:8.15 5:10.65 6:10.65 7:10.65 8:10.65 9:10.65 10:13.2 11:12.75 12:9.75 13:9.75 14:9.75 15:9.75
20260323T132515|BFO:SENSEX26MAR72800PE|REVERSAL_PUT|PUT,2026-03-23T13:25:15.246523,2026-03-23T13:25:30.097831,REVERSAL_PUT,HARD_STOP_EXIT,STOP_EXIT,-5425.000000000011,1029.2,1018.35,2.0,1031.2,14.851308,15,-3.3500000000000227,-10.200000000000045,-10.200000000000045,False,False,,1015.0,1008.15,1:-5.05 2:-5.05 3:-5.05 4:-3.35 5:-3.35 6:-6.15 7:-6.35 8:-4.75 9:-4.75 10:-7.4 11:-9.5 12:-8.05 13:-9.2 14:-10.2 15:-10.2
20260323T133502|BFO:SENSEX26MAR72500CE|CONTINUATION_CALL|CALL,2026-03-23T13:35:02.562960,2026-03-23T13:35:10.556199,CONTINUATION_CALL,HARD_STOP_EXIT,STOP_EXIT,-3525.000000000091,1091.15,1084.1,2.0,1093.15,7.993239,15,11.200000000000045,0.0,11.200000000000045,True,True,5,1095.3,1084.1,1:0.0 2:0.0 3:0.0 4:0.0 5:11.2 6:11.2 7:11.2 8:11.2 9:11.2 10:11.2 11:11.2 12:11.2 13:11.2 14:11.2 15:11.2
20260323T134528|BFO:SENSEX26MAR72700CE|CONTINUATION_CALL|CALL,2026-03-23T13:45:28.391915,2026-03-23T13:45:30.709918,CONTINUATION_CALL,TARGET_HIT,TARGET_HIT,1500.0,1037.4,1040.4,3.0,1040.4,2.318003,15,5.649999999999864,-10.150000000000091,-8.25,True,True,4,1046.05,1030.25,1:-1.65 2:-1.65 3:-0.15 4:2.0 5:5.0 6:3.15 7:3.3 8:5.65 9:5.65 10:1.5 11:-2.05 12:-3.15 13:-3.75 14:-10.15 15:-8.25
20260323T135003|BFO:SENSEX26MAR72800CE|CONTINUATION_CALL|CALL,2026-03-23T13:50:03.698371,2026-03-23T13:50:05.939641,CONTINUATION_CALL,TARGET_HIT,TARGET_HIT,1500.0,1024.55,1027.55,3.0,1027.55,2.24127,15,14.650000000000091,1.900000000000091,11.450000000000045,True,True,1,1042.2,1029.45,1:12.65 2:14.65 3:7.45 4:1.9 5:5.65 6:10.15 7:8.8 8:5.95 9:5.95 10:4.95 11:6.75 12:10.9 13:10.55 14:8.05 15:11.45
20260323T135530|BFO:SENSEX26MAR72800CE|CONTINUATION_CALL|CALL,2026-03-23T13:55:30.558580,2026-03-23T13:55:31.712826,CONTINUATION_CALL,TARGET_HIT,TARGET_HIT,1500.0,1040.45,1043.45,3.0,1043.45,1.154246,15,5.099999999999909,-13.850000000000136,-11.549999999999955,True,True,1,1048.55,1029.6,1:1.8 2:-0.8 3:-0.8 4:1.2 5:-0.4 6:5.1 7:2.55 8:-2.0 9:-2.0 10:-6.15 11:-10.1 12:-10.8 13:-10.8 14:-13.85 15:-11.55
20260323T140004|BFO:SENSEX26MAR73200PE|CONTINUATION_PUT|PUT,2026-03-23T14:00:04.954796,2026-03-23T14:00:14.084373,CONTINUATION_PUT,TARGET_HIT,TARGET_HIT,1000.0,1020.15,1022.15,2.0,1022.15,9.129577,15,2.949999999999932,-7.149999999999977,2.949999999999932,True,True,1,1025.1,1015.0,1:1.15 2:1.3 3:1.15 4:1.15 5:-3.3 6:-3.3 7:-7.15 8:-6.1 9:-6.1 10:-2.7 11:-4.45 12:-2.5 13:2.95 14:2.95 15:2.95
20260323T140508|BFO:SENSEX26MAR73000CE|CONTINUATION_CALL|CALL,2026-03-23T14:05:08.345296,2026-03-23T14:05:17.723619,CONTINUATION_CALL,HARD_STOP_EXIT,STOP_EXIT,-4899.999999999977,995.8,986.0,2.0,997.8,9.378323,15,10.0,-7.2999999999999545,3.1499999999999773,True,False,,996.0,978.7,1:-1.05 2:-7.3 3:-6.65 4:-1.7 5:0.8 6:6.75 7:8.0 8:8.0 9:10.0 10:8.7 11:5.3 12:8.4 13:5.45 14:3.15 15:3.15
20260323T141006|BFO:SENSEX26MAR73300PE|CONTINUATION_PUT|PUT,2026-03-23T14:10:06.812415,2026-03-23T14:10:09.132908,CONTINUATION_PUT,TARGET_HIT,TARGET_HIT,1500.0,1020.6,1023.6,3.0,1023.6,2.320493,15,17.949999999999932,4.649999999999977,4.649999999999977,True,True,1,1041.55,1028.25,1:9.65 2:14.95 3:15.0 4:16.75 5:15.95 6:14.95 7:14.95 8:17.1 9:16.4 10:17.95 11:15.2 12:8.4 13:10.85 14:10.85 15:4.65
20260323T141504|BFO:SENSEX26MAR73300PE|CONTINUATION_PUT|PUT,2026-03-23T14:15:04.454003,2026-03-23T14:15:07.895364,CONTINUATION_PUT,TARGET_HIT,TARGET_HIT,1500.0,1037.35,1040.35,3.0,1040.35,3.441361,15,3.650000000000091,-1.199999999999818,1.2000000000000455,True,True,1,1044.0,1039.15,1:2.7 2:3.25 3:2.55 4:3.65 5:-0.6 6:-1.2 7:1.65 8:1.65 9:1.55 10:0.8 11:0.8 12:0.8 13:0.8 14:1.2 15:1.2
20260323T142500|BFO:SENSEX26MAR73300PE|CONTINUATION_PUT|PUT,2026-03-23T14:25:00.560771,2026-03-23T14:25:01.682531,CONTINUATION_PUT,TARGET_HIT,TARGET_HIT,1500.0,993.7,996.7,3.0,996.7,1.12176,15,35.5,1.5,35.5,True,True,1,1032.2,998.2,1:1.7 2:1.5 3:6.35 4:6.75 5:15.9 6:16.85 7:9.15 8:7.6 9:7.6 10:13.0 11:16.7 12:26.7 13:29.85 14:35.15 15:35.5
20260323T143004|BFO:SENSEX26MAR73200PE|CONTINUATION_PUT|PUT,2026-03-23T14:30:04.883718,2026-03-23T14:30:07.190631,CONTINUATION_PUT,HARD_STOP_EXIT,STOP_EXIT,-4049.9999999999545,979.8,971.7,3.0,982.8,2.306913,15,2.2999999999999545,-8.350000000000023,-1.9500000000000455,True,False,,974.0,963.35,1:0.0 2:1.7 3:2.3 4:-4.55 5:-4.95 6:-4.95 7:-3.2 8:-2.4 9:-2.4 10:-3.35 11:-8.35 12:-5.5 13:-4.95 14:-6.7 15:-1.95
20260323T143509|BFO:SENSEX26MAR73000PE|CONTINUATION_PUT|PUT,2026-03-23T14:35:09.372731,2026-03-23T14:35:18.763378,CONTINUATION_PUT,HARD_STOP_EXIT,STOP_EXIT,-4574.999999999989,1020.15,1011.0,2.0,1022.15,9.390647,15,5.350000000000023,-7.25,-6.350000000000023,True,False,,1016.35,1003.75,1:-1.85 2:5.35 3:3.85 4:3.6 5:1.95 6:4.95 7:2.95 8:2.95 9:-1.55 10:-7.25 11:-2.2 12:-3.9 13:-5.95 14:-6.35 15:-6.35
20260323T144502|BFO:SENSEX26MAR72800CE|CONTINUATION_CALL|CALL,2026-03-23T14:45:02.757400,2026-03-23T14:45:05.352134,CONTINUATION_CALL,TARGET_HIT,TARGET_HIT,1500.0,989.65,992.65,3.0,992.65,2.594734,15,0.75,-20.949999999999932,-11.899999999999977,True,True,1,993.4,971.7,1:0.75 2:-7.7 3:-16.3 4:-19.75 5:-20.95 6:-15.45 7:-14.1 8:-14.1 9:-8.3 10:-3.15 11:-1.8 12:-1.45 13:-7.1 14:-11.9 15:-11.9
20260323T145003|BFO:SENSEX26MAR72800CE|CONTINUATION_CALL|CALL,2026-03-23T14:50:03.550142,2026-03-23T14:50:05.850379,CONTINUATION_CALL,TARGET_HIT,TARGET_HIT,1500.0,998.85,1001.85,3.0,1001.85,2.300237,15,48.80000000000007,0.8500000000000227,36.749999999999886,True,True,1,1050.65,1002.7,1:7.05 2:0.85 3:17.85 4:28.35 5:36.0 6:48.8 7:48.35 8:48.35 9:41.3 10:44.5 11:36.85 12:36.75 13:37.25 14:36.75 15:36.75
